eval_loss,eval_model_preparation_time,eval_accuracy,eval_ece,eval_runtime,eval_samples_per_second,eval_steps_per_second,epoch
0.6925037503242493,0.0045,0.5091743119266054,0.001540636250732197,8.7092,100.124,3.215,0
0.20652291178703308,0.0045,0.9254587155963303,0.029900642436578743,14.6186,59.65,1.915,1.0
