eval_loss,eval_model_preparation_time,eval_accuracy,eval_ece,eval_runtime,eval_samples_per_second,eval_steps_per_second,epoch
0.6934667229652405,0.0042,0.5091743119266054,0.012894248196838154,8.8139,98.935,3.177,0
0.20757915079593658,0.0042,0.926605504587156,0.031638811692732166,8.8427,98.612,3.166,1.0
0.19556832313537598,0.0042,0.9392201834862385,0.028765873556290206,8.8147,98.925,3.177,2.0
0.2547728419303894,0.0042,0.9254587155963303,0.05519245100130733,8.7954,99.142,3.183,3.0
0.22741833329200745,0.0042,0.9380733944954128,0.04743242113415255,8.8222,98.841,3.174,4.0
0.20703478157520294,0.0042,0.9346330275229358,0.03889757428967622,8.8247,98.814,3.173,5.0
0.25391054153442383,0.0042,0.9403669724770642,0.04842816976779098,8.7997,99.094,3.182,6.0
0.29657360911369324,0.0042,0.9243119266055045,0.0547010002469798,8.8258,98.801,3.173,7.0
0.21863652765750885,0.0042,0.9369266055045872,0.044749637946076386,8.8174,98.895,3.176,8.0
