eval_loss,eval_model_preparation_time,eval_accuracy,eval_ece,eval_runtime,eval_samples_per_second,eval_steps_per_second,epoch
0.7085044384002686,0.0047,0.5053999633900788,0.08680107614048319,83.2266,65.64,2.055,0
0.6500044465065002,0.0047,0.6198059674171701,0.030270972444791617,86.7479,62.976,1.971,1.0
0.643480658531189,0.0047,0.6241991579718104,0.014983792150498502,89.0474,61.349,1.92,2.0
0.6417011022567749,0.0047,0.6258466044298004,0.010810876283238865,89.7583,60.863,1.905,3.0
0.6453897356987,0.0047,0.6258466044298004,0.03250136745078602,87.9487,62.116,1.944,4.0
0.6497037410736084,0.0047,0.6124839831594362,0.03636562410737271,88.802,61.519,1.926,5.0
