eval_loss,eval_model_preparation_time,eval_accuracy,eval_ece,eval_runtime,eval_samples_per_second,eval_steps_per_second,epoch
0.7085044384002686,0.0047,0.5053999633900788,0.08680107614048319,82.2399,66.428,2.079,0
0.6500044465065002,0.0047,0.6198059674171701,0.030270972444791617,93.3431,58.526,1.832,1.0
0.643480658531189,0.0047,0.6241991579718104,0.014983792150498502,90.1224,60.618,1.897,2.0
0.6417011022567749,0.0047,0.6258466044298004,0.010810876283238865,89.797,60.837,1.904,3.0
