eval_loss,eval_model_preparation_time,eval_accuracy,eval_ece,eval_classwise_ece,eval_mce,eval_ace,eval_thresholded_ace_01,eval_thresholded_ace_001,eval_thresholded_ace_0001,eval_brier_score,eval_hyper_B_std,eval_hyper_B_mean,eval_runtime,eval_samples_per_second,eval_steps_per_second,epoch
0.6949117183685303,0.0106,0.5091743119266054,0.03302130622601296,0.03302129132485174,0.03302130622601296,0.05874217390467266,0.045334587676809465,0.045334587676809465,0.045334587676809465,0.5017573076323001,1.3155936062769769e-10,0.0192123856395483,9.9296,87.819,2.82,0
0.22283731400966644,0.0106,0.9185779816513762,0.022826984866496626,0.041725736532206514,0.10561686754226685,0.023597635055353883,0.437299123564194,0.4466209051502578,0.4466209051502578,0.12937958680036482,1.443159619585188e-10,0.020439980551600456,10.216,85.356,2.741,1.0
