eval_loss,eval_model_preparation_time,eval_pearson,eval_spearmanr,eval_runtime,eval_samples_per_second,eval_steps_per_second,epoch
8.548027038574219,0.0084,0.5448415875434875,0.5035514644963612,16.0334,93.555,2.931,0
0.6327925324440002,0.0084,0.8886892199516296,0.89042675071219,16.5408,90.685,2.841,1.0
