eval_loss,eval_model_preparation_time,eval_accuracy,eval_ece,eval_classwise_ece,eval_mce,eval_ace,eval_thresholded_ace_01,eval_thresholded_ace_001,eval_thresholded_ace_0001,eval_brier_score,eval_runtime,eval_samples_per_second,eval_steps_per_second,epoch
0.6949799060821533,0.0112,0.5091743119266054,0.03332737607693459,0.03332737607693456,0.03332737607693459,0.04922439834666907,0.04444170305761724,0.04444170305761724,0.04444170305761724,0.5018249530883558,9.4031,92.735,2.978,0
0.1965656578540802,0.0112,0.930045871559633,0.018039386548580387,0.024393211417925463,0.1308632118361337,0.017311494968353065,0.44388130068209153,0.454773364520403,0.45471976811243564,0.11234570197774406,9.5745,91.075,2.924,1.0
