eval_loss,eval_model_preparation_time,eval_pearson,eval_spearmanr,eval_runtime,eval_samples_per_second,eval_steps_per_second,epoch
8.548027038574219,0.0064,0.5448415875434875,0.5035514644963612,16.4181,91.362,2.863,0
0.6327925324440002,0.0064,0.8886892199516296,0.89042675071219,16.5825,90.457,2.834,1.0
0.5105491280555725,0.0064,0.9026706218719482,0.9010338452114427,16.6099,90.308,2.83,2.0
0.435910165309906,0.0064,0.905770480632782,0.9083016829608082,16.59,90.416,2.833,3.0
