eval_loss,eval_model_preparation_time,eval_matthews_correlation,eval_ece,eval_classwise_ece,eval_mce,eval_ace,eval_thresholded_ace_01,eval_thresholded_ace_001,eval_thresholded_ace_0001,eval_brier_score,eval_hyper_B_std,eval_hyper_B_mean,eval_runtime,eval_samples_per_second,eval_steps_per_second,epoch
0.700365424156189,0.0076,0.0,0.2006760123592095,0.2006760123592095,0.2006760123592095,0.20067600675877312,0.02878259000933639,0.02878259000933639,0.02878259000933639,0.5072171778954474,3.4819200300795217e-10,0.048219624906778336,11.5069,90.641,2.868,0
0.6023642420768738,0.0076,0.0,0.12573972850152193,0.12573974340268315,0.14171058829332905,0.12779930265386405,0.20192473538198502,0.20192473538198502,0.20192473538198502,0.4134660948660598,3.113882485195063e-10,0.04780954122543335,11.9131,87.55,2.77,1.0
0.6221299767494202,0.0076,0.0,0.04056889978831246,0.040568914689473656,0.04056889978831246,0.06310734258516408,0.2340551234160265,0.2340551234160265,0.2340551234160265,0.4301057624007219,3.700701967090936e-10,0.048607904464006424,11.9324,87.409,2.766,2.0
