eval_loss,eval_model_preparation_time,eval_accuracy,eval_ece,eval_classwise_ece,eval_mce,eval_ace,eval_thresholded_ace_01,eval_thresholded_ace_001,eval_thresholded_ace_0001,eval_brier_score,eval_runtime,eval_samples_per_second,eval_steps_per_second,epoch
1.0978981256484985,0.0086,0.3588385124808966,0.01779033142392028,0.009193168905680522,0.01779033142392028,0.017790348093787822,0.011340814660858223,0.011340814660858223,0.011340814660858223,0.6661880930013045,106.1786,92.439,2.891,0
0.41106894612312317,0.0086,0.8437086092715231,0.010004290162575705,0.015670324505605196,0.0560466012893579,0.012085879425946631,0.3538688337865686,0.35284570763415,0.3494606342243205,0.22885817009884094,107.28,91.49,2.862,1.0
0.40022605657577515,0.0086,0.8436067244014264,0.035253341879336986,0.02599349195062659,0.15474192963706124,0.03537311694844304,0.38754136438882,0.36813802446559013,0.3671029688729396,0.22519099860273753,107.1637,91.589,2.865,2.0
