eval_loss,eval_model_preparation_time,eval_matthews_correlation,eval_ece,eval_hyper_B_std,eval_hyper_B_mean,eval_runtime,eval_samples_per_second,eval_steps_per_second,epoch
3.856351375579834,0.0032,-0.06551532805218822,0.4458670060106572,3.5991736258011997e-09,-0.0027527213096618652,10.4455,99.851,3.159,0
3.856351375579834,0.0032,-0.06551532805218822,0.4458670060106572,3.5991736258011997e-09,-0.0027527213096618652,10.4202,100.094,3.167,1.0
3.856351375579834,0.0032,-0.06551532805218822,0.4458670060106572,3.5991736258011997e-09,-0.0027527213096618652,10.4665,99.651,3.153,2.0
