eval_loss,eval_model_preparation_time,eval_matthews_correlation,eval_ece,eval_hyper_B_std,eval_hyper_B_mean,eval_runtime,eval_samples_per_second,eval_steps_per_second,epoch
0.5912950038909912,0.0072,0.0,0.08671298591653999,3.5991736258011997e-09,-0.0027527213096618652,10.5072,99.265,3.141,0
0.5873603224754333,0.0072,0.0463559874942472,0.11267794830115618,3.5991736258011997e-09,-0.0027527213096618652,10.3908,100.377,3.176,1.0
