eval_loss,eval_model_preparation_time,eval_matthews_correlation,eval_ece,eval_hyper_B_std,eval_hyper_B_mean,eval_runtime,eval_samples_per_second,eval_steps_per_second,epoch
0.5279068350791931,0.0044,0.2845045651100063,0.067902638379588,3.4973102192026317e-09,-0.017211901023983955,10.4644,99.671,3.154,0
0.5725148320198059,0.0044,0.19076704585900842,0.12172974087476499,3.4973102192026317e-09,-0.017211901023983955,10.3961,100.326,3.174,1.0
0.5588298439979553,0.0044,0.4196099975944168,0.14530047148551833,3.4973102192026317e-09,-0.017211901023983955,10.4814,99.51,3.148,2.0
0.6041520237922668,0.0044,0.0,0.13720508784141433,3.4973102192026317e-09,-0.017211901023983955,10.487,99.456,3.147,3.0
0.6175767183303833,0.0044,0.0,0.11590906797639476,3.4973102192026317e-09,-0.017211901023983955,10.4933,99.397,3.145,4.0
0.7109566926956177,0.0044,0.0,0.18146849604375298,3.4973102192026317e-09,-0.017211901023983955,10.4793,99.53,3.149,5.0
0.6073212027549744,0.0044,0.0,0.017179037271958627,3.4973102192026317e-09,-0.017211901023983955,10.481,99.514,3.149,6.0
