eval_loss,eval_model_preparation_time,eval_matthews_correlation,eval_ece,eval_hyper_B_std,eval_hyper_B_mean,eval_runtime,eval_samples_per_second,eval_steps_per_second,epoch
0.5912950038909912,0.0073,0.0,0.08671298591653999,3.5991736258011997e-09,-0.0027527213096618652,10.4232,100.065,3.166,0
0.5873603224754333,0.0073,0.0463559874942472,0.11267794830115618,3.5991736258011997e-09,-0.0027527213096618652,16.1231,64.69,2.047,1.0
