eval_loss,eval_model_preparation_time,eval_matthews_correlation,eval_ece,eval_hyper_B_std,eval_hyper_B_mean,eval_runtime,eval_samples_per_second,eval_steps_per_second,epoch
0.5912950038909912,0.0084,0.0,0.08671298591653999,3.5991736258011997e-09,-0.0027527213096618652,10.3239,101.028,3.196,0
0.5873603224754333,0.0084,0.0463559874942472,0.11267794830115618,3.5991736258011997e-09,-0.0027527213096618652,15.0556,69.277,2.192,1.0
0.5768100619316101,0.0084,0.4172551506903322,0.16202350653715125,3.5991736258011997e-09,-0.0027527213096618652,16.7791,62.16,1.967,2.0
0.6841503977775574,0.0084,0.0463559874942472,0.19738348635593975,3.5991736258011997e-09,-0.0027527213096618652,17.2776,60.367,1.91,3.0
0.6546453833580017,0.0084,0.060190597377967524,0.17531973666449868,3.5991736258011997e-09,-0.0027527213096618652,17.2922,60.316,1.908,4.0
