eval_loss,eval_matthews_correlation,eval_ece,eval_hyper_B_std,eval_hyper_B_mean,eval_runtime,eval_samples_per_second,eval_steps_per_second,epoch
0.7283695936203003,-0.03209001919085911,0.12296845094583862,0.2762567698955536,-0.0002669577079359442,18.894,55.203,1.747,1.0
0.6324483156204224,0.0014538660993052997,0.0450391628255323,0.5489004254341125,0.0006382530555129051,18.9707,54.979,1.74,2.0
1.394856572151184,0.0,0.29702479807322457,0.3840590715408325,0.013250507414340973,19.3979,53.769,1.701,3.0
